car_ID,symboling,CarName,fueltype,aspiration,doornumber,carbody,drivewheel,enginelocation,wheelbase,carlength,carwidth,carheight,curbweight,enginetype,cylindernumber,enginesize,fuelsystem,boreratio,stroke,compressionratio,horsepower,peakrpm,citympg,highwaympg,price
ID1000,3,Model SN9,gas,turbo,2,sedan,four-wheel drive,front,95.3,183.4,69.8,55.9,2114,rotor,8,295,2bbl,3.27,2.81,10.48,70,6662,10,39,11240
ID1001,2,Model TO4,gas,turbo,2,convertible,four-wheel drive,rear,96.2,171.6,70.1,51.6,2011,rotor,8,116,1bbl,2.85,3.3,8.29,220,5564,29,29,6925
ID1002,3,Model JZ1,gas,turbo,2,sedan,four-wheel drive,rear,114.1,173.9,63.2,58.2,2406,dohc,4,141,2bbl,3.72,3.02,7.06,89,4308,10,22,44960
ID1003,1,Model BD8,diesel,std,2,hatchback,four-wheel drive,front,119.0,149.9,79.4,59.7,1754,rotor,8,120,mpfi,3.63,3.92,9.35,183,4913,30,31,8165
ID1004,1,Model EED,diesel,turbo,4,hatchback,rear-wheel drive,rear,111.2,152.7,61.4,58.8,1608,l,8,105,2bbl,3.06,2.55,10.08,148,6115,30,26,45834
ID1005,2,Model 1ET,gas,std,4,hatchback,rear-wheel drive,front,106.5,181.8,61.0,56.9,2224,rotor,4,298,mpfi,3.91,3.18,11.49,144,4989,24,40,5629
ID1006,1,Model 398,diesel,std,4,sedan,front-wheel drive,rear,106.0,154.9,74.7,53.0,2560,ohcv,5,300,1bbl,2.67,3.9,10.44,64,5282,16,33,49267
ID1007,2,Model QW2,gas,turbo,4,hatchback,front-wheel drive,rear,103.4,153.2,60.2,55.5,1749,dohc,4,136,2bbl,3.34,3.54,11.83,60,6055,13,21,15900
ID1008,3,Model RD4,gas,std,4,hatchback,four-wheel drive,front,99.9,158.0,71.5,56.6,2211,ohcv,8,230,1bbl,3.93,3.98,11.8,213,4329,26,29,7451
ID1009,2,Model 0N9,gas,std,4,convertible,four-wheel drive,front,83.9,180.0,62.7,59.5,2497,rotor,8,153,mpfi,3.24,3.83,11.48,175,6279,12,28,6574
ID1010,1,Model LT9,diesel,turbo,2,sedan,front-wheel drive,rear,112.5,183.3,60.5,52.4,2857,ohcv,3,221,1bbl,3.94,3.31,11.68,244,6239,17,21,39121
ID1011,1,Model UT8,diesel,turbo,4,hatchback,rear-wheel drive,rear,105.6,149.3,79.8,53.8,2757,dohc,5,142,2bbl,3.65,2.97,7.13,185,5817,24,33,48346
ID1012,2,Model PXC,gas,turbo,2,hatchback,rear-wheel drive,front,102.4,198.2,79.6,56.2,2837,ohcv,3,236,mpfi,3.36,3.03,11.32,222,4869,12,26,8717
ID1013,3,Model 9U9,gas,turbo,4,sedan,front-wheel drive,front,89.5,148.1,77.4,51.8,2424,rotor,3,199,1bbl,3.31,2.57,10.99,140,5138,27,35,36506
ID1014,1,Model JJX,diesel,turbo,2,convertible,front-wheel drive,front,82.2,198.0,69.6,51.7,2299,ohcv,6,317,2bbl,2.74,3.96,7.39,58,4209,23,36,9509
ID1015,2,Model IY3,diesel,turbo,4,convertible,front-wheel drive,rear,88.0,152.6,79.4,52.4,1578,l,5,88,2bbl,3.54,3.74,9.09,121,6278,21,29,14414
ID1016,3,Model G2O,diesel,turbo,2,hatchback,front-wheel drive,rear,107.7,161.3,78.6,51.6,1815,l,3,224,1bbl,3.66,3.36,11.08,210,6780,20,23,22193
ID1017,2,Model IK8,gas,std,2,sedan,rear-wheel drive,rear,93.5,143.5,61.5,52.1,2170,dohc,6,211,1bbl,3.98,3.62,10.37,107,5985,18,27,27584
ID1018,3,Model VB2,diesel,std,4,convertible,rear-wheel drive,front,108.8,199.5,64.2,55.8,2587,rotor,4,296,1bbl,3.24,3.56,10.34,194,5974,10,24,43837
ID1019,3,Model DF8,diesel,std,2,sedan,rear-wheel drive,front,84.4,168.8,63.1,56.7,2222,dohc,3,175,2bbl,2.57,3.01,9.15,221,5251,23,21,10896
ID1020,2,Model 2VE,gas,std,4,sedan,rear-wheel drive,rear,109.5,199.6,78.9,56.2,2521,ohcv,8,174,mpfi,2.62,3.33,7.68,76,5409,20,20,40892
ID1021,3,Model AQS,gas,std,4,hatchback,rear-wheel drive,rear,104.0,161.0,61.5,51.7,2418,dohc,6,206,mpfi,2.83,3.01,8.97,184,5451,28,30,43288
ID1022,2,Model WVA,gas,std,2,convertible,front-wheel drive,rear,92.9,142.6,76.6,56.3,2676,ohcv,8,233,2bbl,3.16,3.82,8.87,105,5228,29,32,23673
ID1023,2,Model 0PI,diesel,turbo,4,convertible,rear-wheel drive,rear,112.4,169.4,77.7,54.1,1582,l,4,305,1bbl,2.81,2.96,11.7,62,5680,16,29,36762
ID1024,3,Model IIP,gas,std,4,hatchback,front-wheel drive,rear,95.1,158.2,63.0,52.8,1929,rotor,3,95,mpfi,2.79,3.0,9.3,75,4273,28,29,48548
ID1025,2,Model CA7,gas,turbo,4,convertible,front-wheel drive,front,111.0,165.2,69.7,50.7,1772,ohcv,5,211,1bbl,2.84,3.89,7.18,179,6081,30,40,5908
ID1026,1,Model IC0,gas,std,4,convertible,four-wheel drive,front,114.0,192.4,77.9,55.0,2280,ohcv,3,102,2bbl,3.25,3.1,7.86,198,4936,10,36,20829
ID1027,2,Model 1YN,diesel,std,2,hatchback,front-wheel drive,rear,104.0,184.9,67.2,58.5,2666,dohc,6,185,1bbl,2.88,3.16,10.72,113,6830,13,20,41391
ID1028,2,Model E4X,gas,turbo,2,convertible,front-wheel drive,rear,82.4,177.6,74.9,52.9,2864,rotor,6,333,2bbl,3.17,3.83,9.98,228,6955,26,25,33987
ID1029,3,Model WZ7,gas,turbo,2,sedan,four-wheel drive,front,106.8,182.3,76.7,53.6,2319,dohc,8,115,1bbl,2.67,2.65,8.02,163,4167,14,29,30801
ID1030,1,Model 6EK,diesel,turbo,2,sedan,four-wheel drive,rear,81.1,146.2,70.3,51.3,2717,l,3,228,2bbl,3.24,3.3,7.0,118,6377,25,22,37330
ID1031,2,Model 7WZ,gas,turbo,4,convertible,rear-wheel drive,front,80.7,190.1,67.0,54.2,2157,ohcv,3,185,2bbl,2.65,3.16,8.99,150,4997,22,40,19846
ID1032,2,Model O3W,diesel,std,2,hatchback,four-wheel drive,front,88.9,159.7,66.7,52.4,2739,rotor,8,341,mpfi,3.85,3.27,8.74,112,4392,20,21,28501
ID1033,2,Model G1N,diesel,turbo,2,hatchback,front-wheel drive,rear,96.7,157.0,64.9,56.7,2706,dohc,5,195,1bbl,2.75,2.77,7.35,95,6573,17,20,10435
ID1034,2,Model 1E4,diesel,std,2,sedan,front-wheel drive,front,112.8,148.0,66.3,53.8,1695,dohc,6,254,mpfi,3.11,3.12,10.68,243,6815,20,31,43212
ID1035,3,Model BN8,gas,turbo,2,convertible,front-wheel drive,rear,105.3,144.6,63.3,56.2,2501,dohc,8,255,1bbl,3.36,3.32,11.47,237,6160,17,32,17762
ID1036,2,Model O2T,diesel,std,2,hatchback,rear-wheel drive,front,103.1,154.8,60.0,54.6,1668,rotor,3,189,1bbl,3.03,3.31,10.69,162,6334,20,27,48475
ID1037,1,Model QLF,diesel,std,2,sedan,rear-wheel drive,front,118.7,183.4,64.9,54.6,1846,l,8,104,2bbl,3.73,2.97,7.67,87,5621,30,30,45105
ID1038,1,Model 1WP,diesel,turbo,4,sedan,rear-wheel drive,front,103.5,148.1,70.3,57.7,1584,ohcv,8,295,2bbl,3.5,2.82,7.57,78,5937,19,31,26273
ID1039,2,Model QVX,diesel,turbo,2,hatchback,front-wheel drive,front,116.8,144.0,67.5,58.6,2402,rotor,6,280,2bbl,3.33,3.13,11.25,249,6889,23,30,37926
ID1040,1,Model 1XF,diesel,turbo,4,hatchback,four-wheel drive,rear,93.8,152.2,67.3,57.4,2453,rotor,6,288,1bbl,3.43,3.61,8.33,212,4691,25,28,40603
ID1041,2,Model VQH,diesel,turbo,2,sedan,front-wheel drive,rear,98.8,175.3,62.1,54.7,1662,l,4,186,1bbl,3.05,3.83,8.27,110,4045,24,25,48203
ID1042,1,Model YW3,diesel,std,2,sedan,front-wheel drive,rear,93.1,153.2,67.6,51.9,1879,l,8,285,2bbl,2.79,3.75,11.36,248,5642,27,28,46536
ID1043,1,Model DGT,diesel,turbo,2,hatchback,front-wheel drive,rear,87.2,178.4,63.9,51.7,1761,l,3,314,2bbl,3.93,2.91,11.38,146,6530,12,25,40084
ID1044,2,Model N55,gas,std,4,convertible,rear-wheel drive,front,109.9,151.5,64.5,55.7,2809,rotor,3,227,mpfi,3.98,2.54,7.33,159,4342,24,32,48301
ID1045,1,Model 0NR,gas,std,4,sedan,rear-wheel drive,front,92.1,178.3,74.8,57.4,2766,dohc,4,221,1bbl,3.28,3.04,7.46,111,5382,12,24,9655
ID1046,2,Model 98O,diesel,std,4,hatchback,rear-wheel drive,rear,81.9,162.5,67.7,55.2,2203,rotor,4,199,mpfi,3.32,3.0,8.01,220,5801,28,27,16836
ID1047,1,Model LFN,gas,turbo,2,hatchback,rear-wheel drive,front,119.8,149.8,75.9,50.8,1692,l,6,334,2bbl,3.59,3.79,8.63,215,6868,28,32,47938
ID1048,3,Model DC6,diesel,turbo,4,sedan,rear-wheel drive,front,109.7,160.9,70.1,51.6,1732,ohcv,6,178,2bbl,3.78,3.32,10.32,86,5973,30,23,44959
ID1049,3,Model XJN,gas,std,4,hatchback,front-wheel drive,rear,89.1,152.3,62.0,54.2,2866,dohc,5,246,2bbl,2.64,2.53,10.76,132,6895,28,35,12117
ID1050,1,Model R87,gas,turbo,2,hatchback,front-wheel drive,rear,90.5,187.6,60.9,54.6,1816,rotor,4,331,1bbl,2.86,3.31,10.62,243,4806,20,23,28919
ID1051,2,Model CKQ,gas,std,2,convertible,four-wheel drive,front,107.1,141.2,66.6,56.2,2112,ohcv,8,311,2bbl,3.02,3.46,10.27,246,6577,15,29,13832
ID1052,3,Model A7V,diesel,std,4,hatchback,four-wheel drive,rear,105.8,142.1,72.3,51.3,2883,l,4,207,1bbl,3.23,2.61,9.19,93,6117,23,25,37369
ID1053,1,Model 4QX,diesel,turbo,4,sedan,four-wheel drive,front,95.0,190.6,62.5,57.8,2492,rotor,6,319,mpfi,3.88,3.71,8.93,217,5990,10,23,14989
ID1054,3,Model WH9,gas,std,2,hatchback,front-wheel drive,front,105.3,161.4,70.9,57.5,2693,dohc,5,148,mpfi,2.79,3.01,11.49,143,6192,18,36,8467
ID1055,1,Model V0V,gas,std,4,convertible,front-wheel drive,rear,85.6,181.7,70.2,52.2,2629,l,4,289,1bbl,3.98,2.6,12.0,210,4210,30,36,48083
ID1056,2,Model K0K,diesel,turbo,4,convertible,front-wheel drive,rear,84.8,192.7,78.4,57.5,2191,dohc,6,151,2bbl,3.61,2.78,10.01,148,6906,28,29,12420
ID1057,3,Model ARR,gas,std,2,sedan,front-wheel drive,rear,92.5,184.4,76.4,59.7,1638,rotor,6,140,1bbl,2.54,3.71,8.65,186,4249,15,32,16675
ID1058,1,Model U03,gas,turbo,2,sedan,rear-wheel drive,rear,106.2,142.1,65.8,55.6,1926,rotor,4,291,2bbl,2.85,3.59,7.7,114,5811,25,28,24550
ID1059,3,Model NXX,diesel,std,4,convertible,front-wheel drive,front,82.7,166.7,79.0,50.6,2106,ohcv,5,148,1bbl,3.81,3.79,8.98,70,4600,26,22,16684
ID1060,2,Model 0DV,diesel,turbo,2,sedan,rear-wheel drive,rear,83.1,163.6,79.0,57.0,2882,dohc,6,157,mpfi,3.07,2.92,7.46,242,4742,27,38,7784
ID1061,1,Model 5KE,gas,turbo,4,hatchback,front-wheel drive,rear,83.2,155.8,66.5,53.6,1776,ohcv,6,195,mpfi,3.55,3.91,11.61,222,5404,11,35,36000
ID1062,1,Model QWJ,gas,turbo,4,hatchback,four-wheel drive,rear,100.2,184.7,69.9,51.8,1765,ohcv,6,305,mpfi,3.98,3.53,7.99,156,4340,16,27,36971
ID1063,1,Model S1K,gas,turbo,4,hatchback,front-wheel drive,rear,114.1,140.8,68.6,53.2,2157,rotor,8,268,2bbl,3.11,2.8,8.68,158,4446,26,39,23293
ID1064,2,Model D87,diesel,std,2,convertible,rear-wheel drive,front,81.3,196.2,71.2,58.4,2072,l,4,155,mpfi,3.34,3.57,7.06,176,6015,11,25,45439
ID1065,1,Model SQ8,gas,turbo,2,hatchback,front-wheel drive,front,94.4,149.8,65.5,59.6,2507,ohcv,8,315,1bbl,2.88,3.46,7.0,85,4803,24,33,23807
ID1066,1,Model OCV,diesel,turbo,2,hatchback,rear-wheel drive,front,101.5,199.0,71.9,53.6,1630,l,8,128,1bbl,3.68,3.94,7.03,246,6654,24,37,40565
ID1067,2,Model MWC,gas,turbo,4,hatchback,front-wheel drive,rear,88.7,181.5,79.7,52.1,1569,ohcv,4,155,2bbl,2.58,2.89,9.53,215,5314,11,23,27468
ID1068,1,Model 055,gas,turbo,2,convertible,front-wheel drive,rear,83.2,142.3,61.6,50.8,2166,dohc,3,146,2bbl,3.35,3.71,7.13,192,6980,24,24,33253
ID1069,3,Model 6A7,diesel,turbo,2,convertible,front-wheel drive,rear,80.4,142.1,76.5,53.8,2397,ohcv,8,83,2bbl,3.8,3.22,8.34,186,5213,20,27,45080
ID1070,3,Model E8Y,gas,turbo,2,sedan,rear-wheel drive,rear,96.6,153.2,77.4,58.2,1901,dohc,6,179,2bbl,3.15,3.44,9.1,248,5508,10,26,35733
ID1071,2,Model QXC,gas,std,2,sedan,front-wheel drive,rear,112.7,176.0,73.7,52.4,2276,dohc,5,259,mpfi,3.6,2.77,11.37,98,6004,18,31,21617
ID1072,3,Model 8HF,diesel,turbo,2,hatchback,front-wheel drive,rear,105.0,150.2,71.5,53.3,2343,dohc,4,313,mpfi,3.57,3.14,7.87,124,6821,16,40,31559
ID1073,1,Model R8G,gas,turbo,4,hatchback,four-wheel drive,rear,108.1,143.2,71.7,53.9,1636,l,5,345,1bbl,3.33,2.54,7.96,183,5733,29,20,43867
ID1074,2,Model DGF,diesel,std,2,convertible,rear-wheel drive,front,109.6,145.1,72.9,52.9,1984,dohc,8,136,mpfi,3.37,2.86,11.24,156,5998,29,33,12933
ID1075,1,Model 3J1,gas,turbo,2,hatchback,front-wheel drive,front,86.9,186.9,70.7,56.3,2009,dohc,5,132,1bbl,3.1,2.65,8.16,58,4272,14,25,39358
ID1076,1,Model 7BN,gas,std,4,hatchback,front-wheel drive,front,98.3,151.7,76.7,53.1,2300,dohc,4,235,1bbl,2.56,2.66,10.9,196,4741,25,28,26596
ID1077,2,Model N5G,diesel,std,4,hatchback,four-wheel drive,rear,84.3,187.5,60.2,53.2,1530,rotor,8,151,2bbl,3.8,3.91,8.49,84,4199,27,37,25373
ID1078,3,Model NKU,diesel,std,2,convertible,rear-wheel drive,rear,94.8,180.0,63.9,59.3,2945,dohc,4,284,mpfi,3.82,3.44,11.14,166,5472,16,30,20524
ID1079,1,Model 34W,gas,turbo,2,hatchback,front-wheel drive,front,96.6,183.2,75.2,55.1,1563,ohcv,4,346,2bbl,2.61,2.56,10.14,174,5443,15,39,45350
ID1080,3,Model Z4B,diesel,turbo,2,sedan,front-wheel drive,front,110.1,199.2,73.3,50.9,2823,dohc,4,218,2bbl,3.72,2.77,7.38,189,6905,28,32,5079
ID1081,2,Model EPG,diesel,turbo,2,sedan,four-wheel drive,rear,102.4,198.1,61.7,55.8,2328,l,4,88,1bbl,3.2,3.45,7.04,229,4459,13,39,49114
ID1082,1,Model DTT,gas,std,4,sedan,front-wheel drive,rear,95.8,193.5,75.1,56.9,1823,rotor,8,82,2bbl,3.98,3.12,10.5,70,4930,24,27,22936
ID1083,2,Model ILQ,gas,turbo,2,sedan,rear-wheel drive,rear,94.7,191.6,60.2,53.9,2240,l,4,83,mpfi,3.35,3.15,10.01,108,5692,20,40,36647
ID1084,3,Model 8KQ,diesel,std,4,convertible,front-wheel drive,rear,108.8,149.4,73.9,50.7,2403,l,5,214,2bbl,3.71,2.85,11.21,95,6500,11,21,14513
ID1085,1,Model 4CF,gas,turbo,2,convertible,rear-wheel drive,rear,93.4,192.3,68.8,54.0,2052,rotor,4,173,mpfi,3.23,3.21,9.01,87,4642,28,30,26082
ID1086,1,Model 463,gas,std,4,sedan,four-wheel drive,rear,95.3,174.2,70.7,53.8,1818,rotor,5,108,1bbl,3.6,3.55,7.44,212,4565,10,36,32847
ID1087,1,Model LE1,diesel,turbo,4,hatchback,rear-wheel drive,front,94.5,153.1,72.4,53.7,2741,l,8,246,2bbl,3.8,2.51,8.17,211,6616,26,26,35949
ID1088,3,Model OSM,diesel,std,4,hatchback,four-wheel drive,rear,82.3,164.3,69.8,54.0,2598,dohc,4,274,mpfi,2.59,3.43,10.89,243,6881,23,31,29476
ID1089,3,Model M7Y,diesel,std,2,convertible,rear-wheel drive,front,83.3,162.7,63.9,51.5,2946,rotor,6,148,2bbl,2.5,3.25,9.31,194,5121,12,37,28228
ID1090,2,Model QF8,diesel,turbo,2,convertible,front-wheel drive,rear,82.2,157.2,78.3,54.3,1652,dohc,6,223,1bbl,2.97,2.69,11.13,173,6617,17,30,24454
ID1091,1,Model QFT,diesel,std,4,convertible,four-wheel drive,front,85.9,140.9,62.2,57.4,1610,ohcv,5,124,2bbl,3.16,3.91,10.6,239,5979,19,29,14068
ID1092,3,Model BOI,diesel,turbo,4,sedan,four-wheel drive,front,93.3,176.6,69.1,50.4,1989,dohc,5,89,2bbl,3.51,2.65,11.72,90,5901,22,24,46151
ID1093,3,Model U9I,diesel,std,4,sedan,front-wheel drive,front,110.6,142.2,77.5,54.3,2654,l,5,289,mpfi,3.28,3.21,10.88,97,6632,25,32,28074
ID1094,2,Model O2Q,gas,turbo,4,hatchback,front-wheel drive,front,94.1,178.1,78.1,55.5,1915,rotor,4,160,1bbl,3.56,2.92,8.05,149,5693,18,36,43682
ID1095,3,Model F4K,gas,turbo,2,convertible,rear-wheel drive,rear,119.9,165.5,65.2,54.3,1794,rotor,4,82,mpfi,3.98,3.02,10.33,97,6086,14,31,38567
ID1096,2,Model 8T9,gas,turbo,2,sedan,rear-wheel drive,rear,89.9,189.9,78.1,56.7,2551,ohcv,8,146,mpfi,2.85,2.52,9.82,197,4967,26,25,18794
ID1097,1,Model MEN,diesel,std,2,convertible,four-wheel drive,front,113.8,159.3,65.7,53.9,2524,dohc,3,216,2bbl,3.46,3.92,8.8,90,6526,25,24,44711
ID1098,1,Model M6Y,diesel,std,4,hatchback,rear-wheel drive,rear,98.0,159.4,66.1,58.1,2179,dohc,5,294,2bbl,2.97,3.26,10.62,203,5856,16,39,6517
ID1099,2,Model QJT,gas,std,2,sedan,front-wheel drive,rear,111.0,161.3,77.1,52.3,2251,rotor,5,343,1bbl,3.84,3.13,7.39,78,5646,19,23,11817
ID1100,3,Model EEU,diesel,std,4,hatchback,rear-wheel drive,front,107.0,149.1,68.0,54.4,2535,rotor,8,102,mpfi,3.76,2.74,11.87,175,6545,29,39,15139
ID1101,3,Model X2S,diesel,std,2,convertible,rear-wheel drive,rear,88.3,190.4,63.4,54.8,2357,ohcv,4,268,2bbl,3.9,2.82,11.22,168,4844,10,34,38931
ID1102,2,Model 3H5,gas,turbo,4,hatchback,four-wheel drive,front,87.0,144.7,70.9,59.3,1670,l,3,253,mpfi,2.94,3.91,9.07,55,4353,30,36,44919
ID1103,2,Model AWE,gas,std,2,hatchback,four-wheel drive,front,102.5,152.9,71.4,55.0,2109,ohcv,4,177,1bbl,3.47,3.61,9.24,161,4471,28,34,38136
ID1104,2,Model YPE,gas,std,2,hatchback,rear-wheel drive,rear,96.3,197.6,68.1,50.4,2124,dohc,5,204,1bbl,2.92,3.87,7.31,180,6733,16,22,19056
ID1105,1,Model PHL,gas,std,2,convertible,rear-wheel drive,front,112.0,177.9,79.1,52.1,1595,l,5,297,mpfi,3.67,2.81,8.0,86,5456,30,39,33175
ID1106,3,Model K3T,gas,std,4,convertible,front-wheel drive,front,83.6,183.8,72.3,57.1,2365,dohc,5,266,2bbl,2.65,2.64,7.53,242,6188,25,26,5987
ID1107,3,Model 3IO,gas,std,2,convertible,four-wheel drive,front,112.6,180.6,67.5,50.5,1756,dohc,4,322,1bbl,3.56,2.88,10.31,209,5186,17,22,32640
ID1108,1,Model V2M,diesel,std,2,sedan,front-wheel drive,front,98.6,186.1,60.2,58.9,1840,rotor,5,250,2bbl,3.99,2.92,9.5,208,4790,26,31,9897
ID1109,3,Model KRZ,gas,std,4,hatchback,rear-wheel drive,front,98.3,146.4,72.3,59.2,1504,rotor,4,95,1bbl,3.88,2.78,9.65,198,6561,25,20,21728
ID1110,2,Model 25I,gas,std,2,convertible,front-wheel drive,rear,114.7,140.7,64.2,54.9,2949,rotor,6,195,2bbl,3.62,2.82,11.14,214,6854,13,31,38195
ID1111,2,Model 9G1,diesel,turbo,4,sedan,four-wheel drive,front,103.4,148.8,79.0,59.4,2491,ohcv,8,245,2bbl,3.04,3.24,7.69,115,4821,24,24,10919
ID1112,2,Model CJ5,gas,turbo,4,sedan,four-wheel drive,rear,110.4,198.1,77.7,54.2,2589,l,6,347,2bbl,3.28,2.78,11.17,77,5830,18,33,5562
ID1113,2,Model G8X,gas,turbo,4,hatchback,four-wheel drive,rear,105.9,181.6,63.2,52.4,2261,dohc,4,85,1bbl,3.82,2.81,8.54,136,5506,16,33,19819
ID1114,2,Model 1Z6,gas,std,4,sedan,front-wheel drive,rear,117.4,143.6,67.1,57.5,2737,ohcv,3,249,mpfi,3.07,3.45,7.2,134,5593,20,21,46702
ID1115,2,Model 6A8,diesel,std,2,hatchback,four-wheel drive,rear,93.2,155.1,80.0,57.2,2663,dohc,8,232,1bbl,3.32,2.6,10.5,140,6069,28,38,41804
ID1116,3,Model 7LK,diesel,turbo,2,convertible,four-wheel drive,front,116.8,177.2,64.9,56.5,1880,l,5,139,1bbl,3.64,3.84,11.06,194,5921,19,27,9531
ID1117,3,Model B0M,gas,std,2,convertible,four-wheel drive,front,106.4,194.9,76.0,57.7,2537,l,4,104,mpfi,3.18,3.56,7.49,173,6942,11,32,12547
ID1118,1,Model 4VQ,gas,std,4,convertible,front-wheel drive,rear,91.3,146.7,76.9,58.1,2158,ohcv,8,306,1bbl,2.99,3.4,7.03,227,6315,26,29,12079
ID1119,2,Model OVK,diesel,turbo,2,sedan,front-wheel drive,rear,95.5,158.1,69.4,57.9,1816,l,4,133,2bbl,3.74,2.63,11.05,215,4255,24,23,48730
ID1120,3,Model PFW,gas,turbo,4,hatchback,rear-wheel drive,rear,89.5,198.5,79.6,56.6,2248,l,4,253,1bbl,3.48,3.8,9.06,132,6571,13,26,48945
ID1121,2,Model LSW,gas,std,4,convertible,front-wheel drive,rear,88.6,154.5,69.7,58.8,2293,ohcv,4,193,1bbl,2.61,2.52,7.05,220,6907,24,33,40087
ID1122,3,Model DCT,gas,turbo,2,sedan,rear-wheel drive,rear,102.0,160.4,70.8,59.5,1717,ohcv,6,214,2bbl,3.67,2.53,11.18,250,5140,23,31,46332
ID1123,2,Model 966,diesel,std,2,sedan,four-wheel drive,front,89.7,160.6,64.7,58.6,1565,l,5,154,mpfi,3.27,3.14,10.52,183,4934,29,27,37110
ID1124,3,Model OZS,gas,std,4,sedan,four-wheel drive,rear,114.1,184.6,61.2,59.6,1837,dohc,6,235,2bbl,2.89,2.54,10.71,195,5597,24,32,9600
ID1125,1,Model OMW,diesel,turbo,4,sedan,rear-wheel drive,front,82.2,198.8,74.7,53.6,2760,rotor,3,319,1bbl,2.77,2.94,9.65,207,6248,28,31,17478
ID1126,1,Model IM3,diesel,turbo,2,hatchback,front-wheel drive,front,114.6,154.6,70.8,60.0,2594,rotor,5,336,mpfi,3.16,3.67,7.22,242,6664,14,26,35828
ID1127,3,Model RTT,gas,turbo,2,hatchback,front-wheel drive,rear,89.1,183.1,77.7,56.2,2750,l,6,338,2bbl,3.48,3.37,7.3,118,4557,18,35,23338
ID1128,1,Model DUS,gas,turbo,2,convertible,four-wheel drive,rear,118.6,173.8,62.6,57.2,2118,l,3,117,mpfi,3.52,3.59,11.13,178,5183,11,37,17070
ID1129,2,Model T1R,gas,turbo,4,hatchback,front-wheel drive,front,94.0,190.1,70.4,54.3,1511,l,8,252,2bbl,3.1,2.53,7.49,202,4864,24,20,33521
ID1130,3,Model 3JO,diesel,std,4,sedan,front-wheel drive,front,85.2,182.0,63.2,60.0,2173,dohc,3,116,mpfi,2.6,3.37,8.53,112,4342,30,35,18858
ID1131,1,Model 118,gas,std,2,convertible,four-wheel drive,front,116.7,159.0,64.9,57.7,2748,l,4,129,2bbl,3.53,3.47,11.38,117,4142,26,26,44855
ID1132,3,Model HR0,gas,std,4,convertible,four-wheel drive,front,91.4,156.6,68.1,55.9,2913,rotor,3,194,2bbl,3.21,2.68,11.05,226,6302,11,40,13133
ID1133,3,Model P7K,gas,turbo,4,sedan,four-wheel drive,front,103.3,140.2,78.6,55.0,1650,l,6,92,mpfi,2.7,3.44,7.35,147,5627,24,34,19673
ID1134,3,Model ISZ,diesel,std,4,hatchback,rear-wheel drive,front,109.4,144.8,71.5,59.1,2160,rotor,6,123,2bbl,3.55,3.69,10.18,186,4272,18,31,25781
ID1135,3,Model W13,gas,std,2,convertible,four-wheel drive,rear,95.1,167.3,60.6,54.9,1926,ohcv,8,187,2bbl,3.74,3.48,8.39,179,4319,18,31,46001
ID1136,3,Model 1HO,gas,std,4,hatchback,four-wheel drive,rear,105.9,188.5,68.6,55.1,1726,ohcv,5,343,1bbl,2.54,3.12,8.15,235,5208,27,29,14937
ID1137,2,Model KSN,gas,turbo,4,sedan,front-wheel drive,front,87.1,163.5,69.5,55.0,2759,l,5,267,2bbl,2.59,2.54,8.55,60,6427,20,34,5503
ID1138,3,Model 778,diesel,std,4,hatchback,front-wheel drive,rear,90.8,175.6,73.9,57.5,2134,dohc,6,208,mpfi,3.62,2.68,10.72,110,4942,11,33,16577
ID1139,1,Model 3NE,gas,std,2,hatchback,rear-wheel drive,rear,108.2,191.9,75.9,59.9,2935,l,4,109,mpfi,3.21,2.79,7.59,215,6804,20,33,20132
ID1140,2,Model O0Q,gas,std,2,sedan,front-wheel drive,rear,107.0,188.0,79.4,56.1,2890,rotor,8,112,mpfi,3.45,3.5,7.69,217,4426,20,40,33501
ID1141,3,Model 4XB,gas,std,2,sedan,front-wheel drive,front,96.3,152.5,78.9,59.1,1867,ohcv,5,313,2bbl,3.4,3.66,10.28,109,5766,18,25,16241
ID1142,3,Model XSL,diesel,turbo,2,sedan,four-wheel drive,rear,114.7,145.7,70.5,54.3,1918,ohcv,5,158,1bbl,2.93,2.86,11.45,156,4354,12,22,47285
ID1143,2,Model OPK,gas,std,2,hatchback,four-wheel drive,rear,102.3,143.6,61.1,57.7,2436,rotor,4,269,mpfi,2.74,2.9,10.93,93,6683,25,33,7570
ID1144,3,Model 133,diesel,turbo,2,sedan,front-wheel drive,rear,107.7,190.8,76.0,58.0,2667,dohc,4,211,mpfi,2.94,2.57,9.56,230,4611,22,37,34336
ID1145,2,Model UT9,diesel,turbo,4,convertible,rear-wheel drive,rear,109.8,194.5,66.5,50.7,1873,l,6,200,1bbl,3.04,3.71,9.23,61,4081,25,26,32391
ID1146,2,Model 2OZ,diesel,turbo,2,hatchback,front-wheel drive,rear,112.1,180.0,72.4,50.5,1621,ohcv,8,267,mpfi,3.24,3.53,10.23,88,5066,21,20,17214
ID1147,3,Model 04Q,gas,turbo,4,sedan,rear-wheel drive,front,111.8,165.7,60.9,51.3,2110,rotor,6,262,1bbl,3.4,3.24,10.22,84,5126,12,26,27066
ID1148,2,Model WH2,diesel,std,2,convertible,rear-wheel drive,front,99.5,155.6,62.0,56.7,1950,ohcv,4,307,mpfi,2.85,2.52,11.52,115,4496,14,29,42793
ID1149,1,Model RUO,diesel,std,4,sedan,front-wheel drive,front,116.0,165.5,68.0,57.9,1855,l,6,200,1bbl,3.35,3.43,8.07,72,5649,11,30,10816
ID1150,1,Model I7Z,gas,turbo,4,convertible,front-wheel drive,front,111.2,185.4,67.8,54.3,2003,rotor,3,335,1bbl,3.75,3.59,10.36,138,6839,18,35,6766
ID1151,3,Model R9C,gas,std,2,sedan,four-wheel drive,front,111.4,167.1,64.8,51.7,2353,dohc,6,305,1bbl,3.99,2.98,11.06,102,4174,14,24,9642
ID1152,1,Model S1X,diesel,std,4,convertible,front-wheel drive,front,87.8,151.3,69.3,58.9,1658,rotor,3,171,mpfi,3.63,3.65,7.26,136,6369,30,25,26948
ID1153,3,Model 26W,gas,std,2,convertible,rear-wheel drive,front,100.6,197.3,60.7,57.2,2168,rotor,5,134,1bbl,3.96,2.83,9.93,240,4895,15,29,42065
ID1154,2,Model 6HK,gas,turbo,4,convertible,rear-wheel drive,rear,91.7,170.3,69.2,56.6,2949,rotor,8,130,mpfi,3.65,2.73,10.26,139,4870,19,33,24275
ID1155,2,Model C6V,diesel,std,2,sedan,rear-wheel drive,front,97.1,158.8,66.0,52.6,2202,l,6,239,mpfi,3.18,2.85,11.34,226,5671,28,22,47010
ID1156,2,Model LLZ,gas,std,4,sedan,front-wheel drive,front,92.0,166.9,80.0,51.0,2730,rotor,4,151,2bbl,3.76,2.65,10.24,136,4872,23,31,37290
ID1157,3,Model KH5,diesel,std,2,hatchback,four-wheel drive,rear,107.6,158.9,74.8,52.0,1662,dohc,3,339,mpfi,3.5,3.68,7.76,79,5545,16,32,14894
ID1158,1,Model 4SI,gas,turbo,2,hatchback,rear-wheel drive,rear,100.4,169.0,76.6,56.9,2955,l,5,193,2bbl,3.72,2.58,8.68,74,4185,23,22,28581
ID1159,1,Model VNH,diesel,turbo,4,sedan,four-wheel drive,rear,80.5,160.7,74.7,50.2,2773,rotor,4,87,2bbl,2.79,3.24,10.8,79,5734,14,20,29159
ID1160,2,Model I2F,diesel,turbo,2,sedan,front-wheel drive,rear,112.0,196.0,64.2,53.7,1976,dohc,6,83,mpfi,3.51,3.64,8.01,53,4038,24,24,5428
ID1161,1,Model L0X,gas,std,4,sedan,front-wheel drive,front,118.1,164.5,69.2,50.9,1836,l,6,174,mpfi,3.28,3.81,10.61,64,5561,11,36,21214
ID1162,3,Model UYX,diesel,turbo,4,convertible,front-wheel drive,rear,90.6,147.7,67.2,56.7,2532,ohcv,5,302,mpfi,2.6,3.33,9.1,153,6190,17,29,48980
ID1163,2,Model EBU,gas,std,4,convertible,rear-wheel drive,front,91.9,163.7,76.6,53.4,1941,rotor,6,311,2bbl,2.93,2.68,9.37,174,6657,15,35,44301
ID1164,1,Model DQ7,gas,std,2,sedan,rear-wheel drive,front,110.8,170.6,78.5,53.1,2566,dohc,4,292,2bbl,3.58,3.57,8.09,80,6969,12,34,24181
ID1165,2,Model 3ES,diesel,turbo,4,hatchback,four-wheel drive,front,105.8,196.6,71.7,58.9,1568,l,3,195,1bbl,2.69,3.48,8.57,222,5398,25,21,5516
ID1166,3,Model IZW,diesel,std,2,convertible,front-wheel drive,front,80.5,170.7,65.3,50.0,1985,ohcv,6,290,1bbl,3.45,3.83,10.23,58,6585,17,20,14254
ID1167,1,Model R2V,gas,std,2,hatchback,rear-wheel drive,rear,109.1,194.4,76.7,59.2,1543,rotor,5,204,1bbl,3.24,2.85,10.56,213,5421,21,22,32336
ID1168,1,Model E9R,diesel,std,4,convertible,front-wheel drive,front,105.0,146.2,60.4,53.1,2710,rotor,6,156,2bbl,3.12,2.92,9.43,123,6873,18,40,9473
ID1169,2,Model Y95,gas,turbo,4,hatchback,four-wheel drive,rear,101.5,171.1,66.3,53.1,1892,l,5,215,2bbl,3.85,3.58,7.4,142,6324,27,24,8349
ID1170,2,Model 8FK,diesel,turbo,4,convertible,rear-wheel drive,front,88.3,181.3,68.5,51.6,1869,dohc,8,82,2bbl,3.7,2.96,7.19,228,6578,11,24,11098
ID1171,1,Model AWM,diesel,turbo,4,hatchback,rear-wheel drive,front,104.5,171.7,67.8,55.1,2316,ohcv,3,130,2bbl,2.96,2.8,7.08,64,5550,28,27,21095
ID1172,1,Model QQO,diesel,turbo,2,hatchback,four-wheel drive,rear,82.3,145.7,70.5,53.5,2508,l,3,271,1bbl,3.91,3.94,7.03,67,5384,27,38,28019
ID1173,1,Model VRU,diesel,std,4,convertible,four-wheel drive,front,90.1,197.4,62.7,59.3,2500,rotor,5,334,2bbl,3.2,3.46,8.69,187,5793,27,37,45398
ID1174,2,Model F6O,gas,turbo,2,hatchback,front-wheel drive,rear,118.2,186.2,61.5,51.6,2150,ohcv,5,117,2bbl,2.67,3.51,10.39,210,5774,11,27,10952
ID1175,2,Model VWM,gas,std,2,hatchback,rear-wheel drive,rear,115.9,177.9,73.6,58.3,1603,rotor,8,326,1bbl,3.95,3.2,8.31,230,6045,21,32,36447
ID1176,2,Model F8P,diesel,turbo,2,hatchback,rear-wheel drive,rear,84.8,193.7,62.4,58.4,1623,dohc,3,341,1bbl,3.98,2.52,10.57,231,4777,25,33,23811
ID1177,2,Model MNE,diesel,std,2,convertible,rear-wheel drive,rear,107.2,198.5,61.1,58.1,2175,l,4,223,1bbl,3.67,3.15,8.73,96,4107,28,34,10769
ID1178,2,Model EJV,gas,turbo,2,hatchback,four-wheel drive,front,102.7,172.8,69.9,55.9,2470,dohc,8,210,1bbl,2.89,2.76,10.46,132,4781,26,31,14033
ID1179,1,Model HXH,diesel,turbo,4,hatchback,four-wheel drive,rear,110.5,154.1,69.8,51.6,1578,ohcv,4,112,2bbl,2.91,3.87,7.6,124,5469,13,25,20480
ID1180,1,Model B2I,gas,turbo,2,hatchback,front-wheel drive,front,94.5,179.7,67.4,60.0,1943,l,8,230,1bbl,3.69,3.87,7.31,58,5980,16,40,19893
ID1181,3,Model 5VV,diesel,turbo,4,hatchback,four-wheel drive,front,115.8,153.4,61.6,56.3,1865,rotor,5,291,2bbl,2.71,3.15,8.69,102,6613,25,33,24145
ID1182,3,Model 67M,gas,std,4,sedan,front-wheel drive,rear,109.2,154.2,78.2,54.7,2563,ohcv,6,222,1bbl,3.13,2.66,9.94,234,5369,23,25,13509
ID1183,1,Model END,gas,std,2,convertible,front-wheel drive,front,90.0,165.6,64.0,56.1,2939,rotor,4,95,mpfi,2.65,3.56,11.76,82,6866,15,30,30983
ID1184,1,Model ZX1,gas,std,2,sedan,front-wheel drive,rear,89.0,142.8,73.9,52.8,1740,dohc,6,230,2bbl,2.64,3.33,11.87,246,6233,22,31,20322
ID1185,1,Model BZM,gas,turbo,4,convertible,four-wheel drive,rear,100.5,148.5,69.7,56.3,2637,dohc,4,198,1bbl,2.99,3.43,10.51,75,6816,18,36,13336
ID1186,3,Model KIT,gas,turbo,2,hatchback,front-wheel drive,front,84.8,182.6,70.2,55.1,2355,ohcv,8,324,2bbl,3.77,3.88,9.37,102,6241,30,30,30285
ID1187,2,Model 7H9,diesel,std,2,hatchback,rear-wheel drive,rear,118.2,156.5,62.7,51.7,2642,dohc,3,291,1bbl,3.57,3.69,10.04,129,4424,27,20,44402
ID1188,2,Model FC0,diesel,turbo,2,convertible,front-wheel drive,rear,111.0,158.9,73.9,50.9,2225,ohcv,4,339,mpfi,2.69,3.81,11.03,76,4901,12,32,40471
ID1189,2,Model JWD,diesel,std,2,hatchback,four-wheel drive,front,108.8,174.8,73.5,54.9,2513,dohc,4,215,2bbl,2.64,3.37,8.95,64,5242,23,32,40816
ID1190,3,Model 2JN,diesel,turbo,4,hatchback,rear-wheel drive,front,94.4,169.7,73.9,52.8,1664,ohcv,6,218,2bbl,3.74,3.09,11.9,63,4755,25,25,36672
ID1191,2,Model SAV,diesel,turbo,4,sedan,front-wheel drive,rear,89.7,189.4,65.8,59.4,2064,ohcv,8,94,mpfi,3.05,3.2,7.31,69,4811,10,25,24559
ID1192,3,Model 98I,gas,turbo,4,convertible,rear-wheel drive,rear,118.8,157.0,71.7,57.2,1636,l,4,261,2bbl,3.91,3.37,11.79,90,6337,12,35,35574
ID1193,3,Model JRD,diesel,turbo,4,convertible,rear-wheel drive,front,118.9,177.3,79.8,50.6,2946,l,5,187,mpfi,2.85,2.99,7.31,216,6518,19,24,32666
ID1194,2,Model 535,diesel,turbo,2,sedan,front-wheel drive,rear,107.4,167.4,75.5,51.3,2230,rotor,3,109,mpfi,2.95,2.6,9.84,116,4020,18,32,25811
ID1195,2,Model WVG,diesel,std,4,convertible,rear-wheel drive,front,86.5,199.5,63.3,50.0,1703,ohcv,5,142,1bbl,3.24,3.67,10.09,165,4768,26,32,42097
ID1196,2,Model HQJ,gas,std,2,convertible,four-wheel drive,front,93.5,159.2,72.3,55.8,2785,dohc,8,338,mpfi,2.63,2.94,8.81,186,5819,11,39,29561
ID1197,3,Model 8Q7,diesel,turbo,2,hatchback,four-wheel drive,front,103.5,169.2,64.1,53.9,1581,dohc,4,208,2bbl,3.54,3.24,11.89,72,5939,20,39,8846
ID1198,2,Model NHY,gas,turbo,2,convertible,rear-wheel drive,front,99.5,157.2,66.4,55.2,1680,ohcv,8,214,mpfi,2.7,3.29,7.83,94,6546,16,25,17039
ID1199,3,Model PY2,diesel,turbo,4,hatchback,rear-wheel drive,rear,87.2,183.8,63.2,50.6,2736,rotor,3,92,1bbl,2.85,3.85,8.72,135,6842,16,35,24204
ID1200,3,Model QY7,diesel,turbo,4,sedan,four-wheel drive,rear,114.2,163.1,78.9,55.0,2721,l,8,185,2bbl,2.64,2.56,7.59,100,4011,14,29,7690
ID1201,1,Model P92,diesel,std,2,sedan,four-wheel drive,front,103.4,145.9,63.7,57.8,2523,ohcv,3,332,1bbl,3.61,3.68,11.09,146,6334,25,36,7567
ID1202,1,Model HMK,diesel,std,2,convertible,front-wheel drive,rear,87.6,193.9,60.3,51.9,1661,dohc,6,255,mpfi,3.44,2.66,10.36,201,5871,29,28,28469
ID1203,3,Model 83S,diesel,turbo,4,convertible,four-wheel drive,rear,84.1,140.1,73.9,50.1,2249,ohcv,6,115,1bbl,2.57,2.56,9.03,226,6924,29,24,28508
ID1204,1,Model 5RF,gas,turbo,2,hatchback,rear-wheel drive,front,82.6,161.7,77.8,55.2,2678,ohcv,3,282,2bbl,3.64,2.95,10.69,243,5997,26,23,25745
ID1205,1,Model UFO,diesel,turbo,2,sedan,rear-wheel drive,rear,94.3,159.8,63.9,57.1,2540,ohcv,5,147,1bbl,3.22,3.14,11.85,143,4857,30,28,46721
ID1206,3,Model J1Y,diesel,std,2,hatchback,front-wheel drive,rear,110.2,168.1,65.2,55.5,2458,dohc,8,259,1bbl,2.81,3.38,8.2,162,5601,13,32,29952
ID1207,3,Model 45H,diesel,turbo,4,sedan,four-wheel drive,rear,90.0,175.5,75.1,53.8,2669,l,5,247,2bbl,3.6,3.24,7.73,150,6992,11,40,33321
ID1208,3,Model WXO,diesel,std,2,convertible,rear-wheel drive,front,95.3,165.2,75.2,56.1,2238,dohc,8,239,mpfi,3.1,3.28,8.68,77,6365,19,23,21829
ID1209,3,Model HSL,diesel,std,4,convertible,front-wheel drive,rear,109.7,144.2,75.3,58.4,1553,l,5,233,2bbl,3.57,3.65,9.04,165,6489,16,30,24176
ID1210,1,Model M8R,diesel,turbo,4,hatchback,four-wheel drive,front,95.2,168.7,66.2,55.3,2190,ohcv,8,318,1bbl,3.84,3.76,7.58,203,6457,18,39,37733
ID1211,3,Model 9CF,gas,std,4,sedan,rear-wheel drive,front,112.1,159.0,78.5,58.1,2181,l,3,172,mpfi,3.2,3.45,11.95,51,5800,17,22,26865
ID1212,2,Model FY5,diesel,turbo,2,sedan,four-wheel drive,rear,89.7,180.3,72.0,57.6,2981,ohcv,8,89,2bbl,3.49,3.91,9.17,103,4990,17,20,48897
ID1213,2,Model MIM,diesel,std,2,convertible,four-wheel drive,front,94.4,183.2,67.8,59.3,2090,ohcv,8,284,mpfi,2.97,3.31,7.93,56,5290,11,31,46982
ID1214,1,Model SEM,gas,std,4,hatchback,rear-wheel drive,front,95.8,177.3,66.6,50.8,2460,l,6,233,mpfi,2.88,3.7,7.53,70,5152,26,34,11821
ID1215,3,Model POA,diesel,std,2,sedan,rear-wheel drive,rear,83.9,196.7,65.5,55.8,1657,dohc,5,344,mpfi,3.11,3.36,7.99,149,6097,24,38,7642
ID1216,3,Model Q5K,gas,std,2,hatchback,rear-wheel drive,rear,115.0,197.8,61.8,58.3,2517,ohcv,8,334,1bbl,3.64,3.51,11.09,173,6242,18,35,47756
ID1217,2,Model 38Y,gas,std,2,hatchback,rear-wheel drive,front,115.5,156.9,60.9,51.9,2662,rotor,5,260,mpfi,2.89,3.99,8.65,65,6366,28,28,5347
ID1218,1,Model DWE,diesel,turbo,4,hatchback,front-wheel drive,front,111.1,184.2,65.8,51.4,2972,l,4,338,mpfi,3.72,3.74,7.95,199,4348,16,40,23966
ID1219,2,Model ICX,diesel,turbo,4,hatchback,front-wheel drive,front,84.9,152.4,74.4,56.5,2752,dohc,5,173,1bbl,2.75,2.55,8.54,172,6254,13,20,19253
ID1220,1,Model ECC,diesel,std,2,convertible,four-wheel drive,rear,88.2,184.0,70.8,51.3,2570,ohcv,4,136,1bbl,3.07,4.0,11.94,95,6587,14,31,15954
ID1221,1,Model 49Z,gas,std,2,convertible,rear-wheel drive,rear,111.6,161.0,60.9,54.6,1982,l,5,303,mpfi,2.5,3.87,8.09,219,6691,25,23,5003
ID1222,3,Model 0WR,diesel,turbo,2,hatchback,rear-wheel drive,rear,81.3,194.2,68.0,54.9,2919,ohcv,6,173,mpfi,2.66,3.6,7.72,76,4677,23,27,36654
ID1223,1,Model 0YI,gas,turbo,2,hatchback,rear-wheel drive,rear,82.8,170.0,63.3,55.1,2813,rotor,5,218,1bbl,3.6,3.21,8.07,218,6298,12,33,35688
ID1224,2,Model MU2,gas,turbo,4,convertible,four-wheel drive,rear,106.8,192.5,73.8,50.9,2435,rotor,4,116,1bbl,3.78,3.24,11.92,215,6551,27,28,47232
ID1225,2,Model 292,gas,turbo,2,sedan,rear-wheel drive,rear,105.3,192.7,64.0,59.6,2752,ohcv,3,244,mpfi,3.98,2.92,10.59,92,4275,23,33,32272
ID1226,2,Model EY8,diesel,turbo,2,hatchback,four-wheel drive,front,103.7,192.3,69.9,50.5,1915,l,3,194,mpfi,3.84,2.85,8.93,104,6368,24,20,16773
ID1227,1,Model MGK,diesel,turbo,2,hatchback,front-wheel drive,front,98.8,179.1,77.8,53.2,2896,rotor,8,333,mpfi,3.88,3.41,8.62,87,4517,26,24,17922
ID1228,1,Model M69,gas,turbo,4,sedan,front-wheel drive,front,104.2,190.7,63.0,58.7,2356,dohc,6,168,1bbl,2.68,2.95,11.64,243,4594,23,27,10057
ID1229,2,Model DHJ,gas,std,4,hatchback,front-wheel drive,front,110.8,172.3,69.9,52.8,2970,l,8,345,2bbl,3.81,2.98,10.26,249,6056,30,36,33552
ID1230,2,Model O7U,gas,turbo,2,convertible,four-wheel drive,front,87.8,152.0,64.9,55.3,2039,ohcv,5,167,mpfi,3.27,2.86,9.65,183,4762,17,35,26208
ID1231,3,Model 9VG,gas,std,4,convertible,rear-wheel drive,front,96.1,173.0,64.8,50.8,2825,dohc,6,85,1bbl,3.83,3.39,11.64,183,6472,28,27,30122
ID1232,2,Model YPQ,gas,turbo,4,sedan,rear-wheel drive,front,114.0,145.5,67.0,58.4,2534,ohcv,6,277,mpfi,2.95,3.83,11.35,139,4752,19,22,11588
ID1233,1,Model GYF,diesel,turbo,2,sedan,rear-wheel drive,front,83.8,183.6,78.3,57.4,2129,dohc,6,339,1bbl,3.76,3.7,8.34,114,4312,23,28,23531
ID1234,2,Model 7GZ,gas,turbo,4,sedan,four-wheel drive,front,97.0,144.2,76.0,57.2,1785,ohcv,8,108,2bbl,3.62,3.64,8.85,233,6769,17,25,15248
ID1235,2,Model JPT,diesel,turbo,4,hatchback,four-wheel drive,rear,99.9,176.4,64.0,58.2,1796,l,6,222,1bbl,3.24,3.87,8.44,183,6499,18,33,27362
ID1236,1,Model TCA,diesel,turbo,2,sedan,front-wheel drive,front,119.0,182.9,73.8,58.6,2532,dohc,6,146,2bbl,3.87,3.2,8.05,153,6279,27,35,39648
ID1237,3,Model 5FB,diesel,std,4,convertible,front-wheel drive,front,104.7,171.7,71.0,53.3,2482,ohcv,4,91,2bbl,3.4,3.55,10.32,185,5423,16,35,27313
ID1238,1,Model 9GU,gas,std,2,convertible,four-wheel drive,rear,98.5,190.5,72.5,51.1,2211,ohcv,5,147,1bbl,3.48,3.06,8.1,55,5317,16,39,13856
ID1239,2,Model BO5,diesel,std,4,hatchback,rear-wheel drive,front,86.5,165.4,64.0,59.1,1650,rotor,4,342,2bbl,3.6,2.81,7.77,121,5224,13,21,6136
ID1240,3,Model O4X,gas,std,4,hatchback,four-wheel drive,front,107.3,144.0,78.0,58.6,1548,ohcv,6,273,mpfi,3.39,3.19,9.96,183,4342,15,35,49269
ID1241,3,Model CQ0,gas,std,4,hatchback,four-wheel drive,front,85.3,184.9,74.9,55.1,1688,rotor,5,230,2bbl,3.59,3.46,11.11,106,4758,29,26,12388
ID1242,1,Model 7Y6,gas,std,4,sedan,rear-wheel drive,rear,109.1,175.3,72.2,53.5,1626,rotor,8,221,2bbl,3.24,2.69,8.68,127,4313,20,33,12679
ID1243,2,Model 0ZD,gas,std,4,convertible,rear-wheel drive,rear,107.1,192.3,61.9,57.1,2604,rotor,5,299,1bbl,3.48,2.98,10.39,52,4461,17,25,24205
ID1244,3,Model O14,gas,turbo,4,hatchback,rear-wheel drive,rear,107.9,198.3,80.0,55.7,2910,rotor,5,346,1bbl,2.84,2.83,11.38,177,5261,21,21,23933
ID1245,1,Model GXR,gas,std,2,hatchback,four-wheel drive,rear,81.9,143.9,64.1,50.8,1918,rotor,3,341,2bbl,2.76,3.55,9.42,127,4155,28,38,21744
ID1246,2,Model U85,gas,std,2,convertible,four-wheel drive,rear,89.2,166.0,79.9,54.9,2050,ohcv,4,315,2bbl,2.64,3.23,8.96,147,6429,18,26,15666
ID1247,2,Model RSC,gas,std,4,hatchback,front-wheel drive,front,96.8,165.1,65.8,52.3,1698,l,4,185,mpfi,3.39,3.04,8.83,232,4590,28,24,6987
ID1248,2,Model ZEV,gas,std,4,convertible,rear-wheel drive,front,103.9,175.9,74.1,59.2,2123,rotor,6,155,1bbl,2.76,2.91,7.32,225,5194,28,40,21272
ID1249,2,Model RWH,gas,turbo,2,hatchback,four-wheel drive,rear,98.5,147.2,79.3,56.7,2783,dohc,5,285,1bbl,3.87,2.77,10.12,132,5748,18,25,7673
ID1250,1,Model FON,diesel,std,2,convertible,rear-wheel drive,front,116.5,160.9,78.9,51.4,1671,dohc,8,204,1bbl,3.47,3.92,8.53,138,4733,28,24,28253
ID1251,2,Model YZE,diesel,turbo,2,convertible,four-wheel drive,front,83.0,195.3,73.0,52.3,2877,ohcv,8,316,1bbl,2.95,3.05,8.99,98,5849,23,21,9956
ID1252,1,Model YMO,gas,std,2,hatchback,four-wheel drive,front,85.9,193.7,77.7,51.1,2040,dohc,4,269,2bbl,3.6,3.03,7.11,95,6469,19,25,23105
ID1253,1,Model Q7V,gas,turbo,4,sedan,rear-wheel drive,rear,100.0,181.9,74.2,59.7,2586,ohcv,5,142,mpfi,2.81,2.67,11.68,134,4964,26,33,21706
ID1254,2,Model JYJ,gas,turbo,2,hatchback,rear-wheel drive,rear,113.5,166.4,66.6,53.9,2841,l,8,135,1bbl,3.23,3.88,11.89,242,5620,14,31,17980
ID1255,1,Model 8TC,gas,std,2,sedan,front-wheel drive,rear,119.8,190.6,68.3,55.2,2118,rotor,8,327,2bbl,2.56,2.79,11.87,175,5212,21,34,48487
ID1256,1,Model 29M,gas,std,2,sedan,rear-wheel drive,rear,112.0,176.8,65.3,52.8,2401,ohcv,5,243,1bbl,3.1,3.0,9.11,67,4855,17,23,46493
ID1257,2,Model UCN,gas,std,2,hatchback,rear-wheel drive,rear,85.5,165.2,74.5,54.7,2495,dohc,8,161,mpfi,2.89,3.48,9.41,141,4015,20,23,48837
ID1258,3,Model HSV,gas,std,4,convertible,rear-wheel drive,rear,103.4,162.6,71.2,59.7,2981,rotor,4,214,mpfi,3.67,2.59,8.28,232,4471,24,39,40983
ID1259,3,Model ZNN,gas,turbo,4,sedan,front-wheel drive,rear,80.1,195.2,75.3,59.2,2929,dohc,4,260,mpfi,2.99,2.91,10.32,123,6001,30,25,13596
ID1260,2,Model TNC,diesel,turbo,4,hatchback,front-wheel drive,front,103.4,196.6,75.6,54.7,1555,rotor,3,312,1bbl,3.35,2.57,10.19,250,4091,28,34,19654
ID1261,3,Model NFC,diesel,turbo,2,hatchback,four-wheel drive,front,98.0,152.7,76.3,51.4,2381,ohcv,5,204,mpfi,3.82,3.4,8.48,86,6629,28,30,22566
ID1262,2,Model VOK,gas,std,4,convertible,four-wheel drive,rear,80.9,184.0,76.9,51.0,1700,rotor,5,289,1bbl,3.61,2.76,9.45,106,4429,17,32,21428
ID1263,3,Model 0TO,diesel,turbo,2,hatchback,front-wheel drive,front,118.5,147.6,67.3,57.5,2409,dohc,6,297,1bbl,2.83,3.36,9.52,190,6756,25,22,48799
ID1264,2,Model HJ8,diesel,turbo,4,convertible,four-wheel drive,rear,104.7,183.5,74.9,54.0,1534,rotor,6,327,mpfi,3.58,3.19,10.91,184,4900,13,22,22241
ID1265,1,Model L38,diesel,std,2,sedan,four-wheel drive,rear,102.2,147.4,70.1,50.6,1569,dohc,8,236,1bbl,3.32,2.96,7.52,85,4149,27,21,16404
ID1266,2,Model TNP,diesel,std,2,sedan,rear-wheel drive,rear,111.4,151.1,64.8,57.6,2942,l,4,143,1bbl,2.64,3.58,11.49,105,4679,11,35,27574
ID1267,1,Model ZIJ,gas,turbo,2,hatchback,front-wheel drive,rear,112.4,172.6,77.5,52.2,2383,dohc,5,329,1bbl,2.91,3.56,7.71,175,4365,14,35,25204
ID1268,1,Model QCQ,gas,std,4,convertible,front-wheel drive,front,112.0,159.7,74.7,59.1,2937,l,4,283,mpfi,3.77,2.58,11.55,169,6015,18,31,17644
ID1269,3,Model 190,diesel,turbo,4,sedan,four-wheel drive,front,114.8,151.5,77.3,56.0,2439,dohc,4,102,1bbl,3.89,3.95,10.21,181,6024,25,35,27848
ID1270,2,Model ILO,diesel,std,4,sedan,rear-wheel drive,rear,94.7,162.7,65.8,56.7,1573,ohcv,6,119,mpfi,3.36,2.77,11.67,204,5550,22,28,18674
ID1271,1,Model F5A,gas,std,2,hatchback,front-wheel drive,rear,83.1,198.9,76.4,58.2,1956,dohc,3,150,1bbl,3.42,3.24,7.99,212,6352,24,21,49121
ID1272,3,Model 7T5,diesel,turbo,2,convertible,front-wheel drive,rear,90.3,142.9,79.1,50.6,1931,dohc,4,200,mpfi,3.46,3.73,9.15,72,4186,16,21,5710
ID1273,2,Model QJK,gas,turbo,2,hatchback,four-wheel drive,front,83.2,171.7,63.6,50.5,2397,rotor,5,308,mpfi,2.85,2.64,11.95,204,6267,30,37,29433
ID1274,1,Model EZX,diesel,std,2,convertible,rear-wheel drive,rear,98.4,184.5,74.4,51.2,2283,ohcv,5,342,2bbl,2.77,3.17,8.59,235,6662,22,40,16291
ID1275,1,Model G82,gas,turbo,2,hatchback,four-wheel drive,rear,80.0,185.6,71.4,57.5,1876,l,6,314,mpfi,2.59,3.61,11.58,194,4597,30,39,32029
ID1276,1,Model PTJ,diesel,std,4,sedan,rear-wheel drive,front,117.1,149.0,63.7,57.7,1727,l,6,169,1bbl,3.11,2.68,7.27,204,5906,13,40,37988
ID1277,1,Model QTB,gas,turbo,2,hatchback,rear-wheel drive,rear,103.0,194.8,62.2,59.3,1733,l,8,279,2bbl,3.98,3.49,7.38,120,5351,13,32,25504
ID1278,3,Model WMU,diesel,std,2,sedan,front-wheel drive,front,108.3,193.6,61.0,54.9,2508,rotor,4,181,1bbl,2.55,3.89,11.05,205,5617,26,40,40681
ID1279,2,Model BNV,diesel,std,2,hatchback,rear-wheel drive,front,98.0,195.4,78.1,56.3,1616,dohc,3,255,mpfi,3.59,2.76,8.76,211,5318,26,36,23660
ID1280,1,Model AZ6,diesel,std,4,convertible,front-wheel drive,rear,113.6,194.4,76.0,56.9,2584,rotor,3,336,mpfi,3.61,2.9,11.33,245,6946,19,32,19881
ID1281,3,Model 12B,diesel,turbo,2,hatchback,four-wheel drive,rear,88.7,186.6,64.4,51.9,2137,l,8,165,1bbl,3.36,3.21,8.05,100,6317,10,26,38595
ID1282,3,Model XCV,gas,turbo,4,hatchback,rear-wheel drive,front,117.2,156.1,61.9,54.9,2133,dohc,6,259,mpfi,2.75,3.93,11.25,173,6031,22,26,7570
ID1283,3,Model YTS,diesel,turbo,4,hatchback,front-wheel drive,rear,113.3,146.2,75.9,50.5,2533,dohc,8,294,2bbl,2.61,3.23,8.5,205,6622,13,23,47394
ID1284,1,Model UIB,diesel,turbo,4,sedan,four-wheel drive,front,80.1,148.1,71.6,52.7,2269,rotor,3,247,mpfi,2.83,3.78,10.14,198,6510,23,33,12335
ID1285,2,Model 9NI,diesel,turbo,4,convertible,four-wheel drive,rear,98.8,199.6,68.3,51.9,2357,l,5,168,2bbl,3.82,2.73,10.68,245,4983,19,29,36099
ID1286,2,Model BIY,gas,std,4,convertible,rear-wheel drive,front,95.8,173.3,61.4,53.3,2459,dohc,3,338,1bbl,3.05,3.04,7.67,214,5963,27,23,44395
ID1287,2,Model MW8,gas,turbo,4,hatchback,front-wheel drive,rear,114.1,161.0,73.7,51.2,2116,rotor,5,136,1bbl,2.76,2.85,9.29,181,6908,11,26,47277
ID1288,2,Model TCK,gas,std,4,sedan,front-wheel drive,front,93.3,162.5,77.7,50.4,2156,dohc,8,281,mpfi,2.51,2.74,8.26,202,4460,21,29,28243
ID1289,3,Model 0RC,diesel,std,2,hatchback,front-wheel drive,rear,113.2,191.4,62.0,55.9,2588,dohc,5,103,2bbl,2.6,3.15,10.59,122,4676,18,31,17990
ID1290,2,Model RUM,gas,std,4,convertible,rear-wheel drive,front,115.7,149.2,68.9,58.4,2959,rotor,6,95,2bbl,2.77,3.99,11.34,228,4203,11,30,26081
ID1291,1,Model 3CY,gas,std,2,convertible,rear-wheel drive,rear,112.1,159.6,75.6,57.7,2870,rotor,5,107,2bbl,3.58,3.39,9.68,208,5540,24,39,28807
ID1292,2,Model LBY,gas,turbo,2,hatchback,rear-wheel drive,front,80.9,198.9,71.5,56.6,2011,ohcv,5,336,mpfi,2.5,3.8,8.87,128,6874,26,33,31908
ID1293,1,Model Z7L,diesel,std,2,hatchback,rear-wheel drive,rear,111.2,194.1,69.7,56.7,1983,l,6,210,mpfi,2.99,2.77,11.28,73,5873,19,35,38824
ID1294,3,Model IUX,diesel,turbo,2,sedan,rear-wheel drive,rear,91.7,156.1,72.6,51.9,1719,ohcv,5,105,mpfi,3.2,3.2,7.96,201,4916,21,20,17454
ID1295,3,Model ZWG,diesel,turbo,4,convertible,four-wheel drive,front,94.3,142.4,64.3,59.5,1516,l,5,274,2bbl,3.7,2.57,8.15,102,5166,15,31,5692
ID1296,2,Model MUL,gas,turbo,2,hatchback,rear-wheel drive,rear,115.1,157.5,66.8,52.4,2530,l,3,169,2bbl,2.55,2.87,10.66,158,4914,14,39,41513
ID1297,2,Model 4DP,gas,turbo,2,hatchback,front-wheel drive,front,107.3,162.0,62.0,54.7,2432,rotor,6,281,1bbl,2.53,3.03,9.41,225,5784,21,36,20541
ID1298,1,Model BXK,diesel,std,4,sedan,front-wheel drive,front,115.1,142.6,72.7,51.4,2481,ohcv,6,249,mpfi,2.57,3.43,10.41,206,6008,28,26,47610
ID1299,3,Model A1U,gas,turbo,4,convertible,rear-wheel drive,front,115.8,175.7,63.4,54.3,2545,dohc,8,252,mpfi,3.87,2.82,8.92,146,4871,30,36,28204
